KSF,surf_ace,1,Unit
KSF,surf_aircontrol_ksf,1,Tech
KSF,surf_akai_final,1,Unit
KSF,surf_and_destroy_fix,1,Unit
KSF,surf_andromeda,1,Unit
KSF,surf_apollo,1,Unit
KSF,surf_aser,1,Tech
KSF,surf_aura,1,Unit
KSF,surf_awp_sk337_v3,1,Unit
KSF,surf_beginner,1,Unit
KSF,surf_benevolent_refix,1,Tech
KSF,surf_beyond2,1,Unit
KSF,surf_borderlands,1,Unit
KSF,surf_boreas,1,Unit
KSF,surf_botanica,1,Unit
KSF,surf_calycate_ksf,1,Unit
KSF,surf_calycate2,1,Tech
KSF,surf_calzone,1,Tech
KSF,surf_chaos_fix,1,Unit
KSF,surf_deathstar,1,Unit
KSF,surf_derpis_ksf,1,Unit
KSF,surf_egypt2,1,Unit
KSF,surf_enlightened_ksf,1,Unit
KSF,surf_flow_ksf,1,Unit
KSF,surf_forbidden_ways_ksf,1,Unit
KSF,surf_forgotten,1,Unit
KSF,surf_fornax,1,Unit
KSF,surf_frost,1,Unit
KSF,surf_funhouse_v1,1,Tech
KSF,surf_garden,1,Unit
KSF,surf_hourglass,1,Unit
KSF,surf_kepler,1,Unit
KSF,surf_kitsune,1,Unit
KSF,surf_lament_ksf,1,Unit
KSF,surf_leet_xl_beta7z,1,Unit
KSF,surf_legends,1,Tech
KSF,surf_lessons,1,Unit
KSF,surf_listless_ksf,1,Unit
KSF,surf_lovetunnel,1,Unit
KSF,surf_lux,1,Tech
KSF,surf_mesa_fixed,1,Unit
KSF,surf_minuet_ksf,1,Tech
KSF,surf_mom_fix,1,Tech
KSF,surf_network2008_final,1,Unit
KSF,surf_nuclear,1,Unit
KSF,surf_nyx,1,Unit
KSF,surf_pantheon,1,Unit
KSF,surf_perennial,1,Unit
KSF,surf_pox,1,Unit
KSF,surf_prelude_fix,1,Tech
KSF,surf_prime_time_r3vamp,1,Tech
KSF,surf_rebel_resistance_final3,1,Tech
KSF,surf_rebel_scaz_ksf,1,Unit
KSF,surf_satellite_fix,1,Unit
KSF,surf_school_fix,1,Unit
KSF,surf_summit,1,Unit
KSF,surf_sundown,1,Unit
KSF,surf_tendies,1,Unit
KSF,surf_trance,1,Unit
KSF,surf_utopia_njv,1,Unit
KSF,surf_void,1,Unit
KSF,surf_water_run_ksf,1,Unit
KSF,surf_whiteout,1,Unit
KSF,surf_year3000,1,Unit
KSF,surf_zor,1,Unit
KSF,surf_004_fix,2,Unit
KSF,surf_4head,2,Tech
KSF,surf_6,2,Unit
KSF,surf_81st_network,2,Tech
KSF,surf_8bit,2,Unit
KSF,surf_abandoned,2,Tech
KSF,surf_activation,2,Unit
KSF,surf_aeron,2,Unit
KSF,surf_aether,2,Unit
KSF,surf_agony,2,Unit
KSF,surf_amplitude_encore,2,Unit
KSF,surf_amplitude_light,2,Tech
KSF,surf_anoobis,2,Tech
KSF,surf_anzchamps,2,Tech
KSF,surf_aqua_fix,2,Unit
KSF,surf_aquaflow,2,Tech
KSF,surf_ardon_fix,2,Tech
KSF,surf_autumn_fix,2,Tech
KSF,surf_beginner2,2,Unit
KSF,surf_believe,2,Unit
KSF,surf_bluewall_v2,2,Unit
KSF,surf_boring,2,Unit
KSF,surf_cavemissile_fix,2,Unit
KSF,surf_crzyfrog_reloaded,2,Unit
KSF,surf_cyberwave,2,Unit
KSF,surf_deadline,2,Unit
KSF,surf_delight,2,Unit
KSF,surf_delusional,2,Unit
KSF,surf_destruction,2,Unit
KSF,surf_domain,2,Tech
KSF,surf_dragon,2,Unit
KSF,surf_driftless,2,Tech
KSF,surf_duggywuggy,2,Tech
KSF,surf_ebony,2,Unit
KSF,surf_echo,2,Unit
KSF,surf_eclipse,2,Unit
KSF,surf_eggplant,2,Unit
KSF,surf_elements_beta3,2,Unit
KSF,surf_elites_v2,2,Tech
KSF,surf_epicube,2,Unit
KSF,surf_ethereal,2,Unit
KSF,surf_exocube,2,Tech
KSF,surf_exurbia_v2,2,Tech
KSF,surf_faint_fix,2,Unit
KSF,surf_flyin_fortress_fix,2,Unit
KSF,surf_frey_remake,2,Unit
KSF,surf_funhouse2,2,Tech
KSF,surf_glass7_ksf,2,Tech
KSF,surf_glass9,2,Unit
KSF,surf_gleam,2,Unit
KSF,surf_gleam2,2,Unit
KSF,surf_graphia,2,Unit
KSF,surf_grassland,2,Unit
KSF,surf_greensway,2,Unit
KSF,surf_guitar_hi,2,Tech
KSF,surf_halloween_tf2,2,Unit
KSF,surf_happyhands,2,Unit
KSF,surf_harmony_fix,2,Unit
KSF,surf_heaven_njv,2,Unit
KSF,surf_holiday,2,Unit
KSF,surf_hotwheels_fix,2,Unit
KSF,surf_hurrr,2,Unit
KSF,surf_illusion,2,Unit
KSF,surf_imex,2,Unit
KSF,surf_in_space,2,Unit
KSF,surf_ing,2,Unit
KSF,surf_inspire,2,Unit
KSF,surf_instantdeath,2,Unit
KSF,surf_interference,2,Unit
KSF,surf_island,2,Tech
KSF,surf_ivory,2,Unit
KSF,surf_journeys,2,Unit
KSF,surf_juturna,2,Unit
KSF,surf_kismet,2,Unit
KSF,surf_kloakk,2,Unit
KSF,surf_klue,2,Tech
KSF,surf_korn,2,Unit
KSF,surf_kvas,2,Tech
KSF,surf_kz_mix_journeys,2,Tech
KSF,surf_kz_protraining,2,Tech
KSF,surf_lies_ksf,2,Unit
KSF,surf_lockdown,2,Unit
KSF,surf_lodypreview,2,Unit
KSF,surf_lore,2,Unit
KSF,surf_lullaby_ksf,2,Unit
KSF,surf_mate,2,Unit
KSF,surf_mellow,2,Unit
KSF,surf_mesa_mine,2,Unit
KSF,surf_nebula,2,Unit
KSF,surf_network_2009,2,Unit
KSF,surf_noble,2,Unit
KSF,surf_not_so_disaster,2,Unit
KSF,surf_not_so_sinister_ksf,2,Tech
KSF,surf_nova,2,Tech
KSF,surf_ny_momentum_v3_1,2,Unit
KSF,surf_ny_platinum,2,Unit
KSF,surf_ny_superhappiest_b3,2,Unit
KSF,surf_odyssey,2,Unit
KSF,surf_palais,2,Unit
KSF,surf_palm,2,Unit
KSF,surf_papertown,2,Unit
KSF,surf_pathfinder,2,Tech
KSF,surf_premium,2,Unit
KSF,surf_presmon_fix,2,Tech
KSF,surf_progress_fix,2,Unit
KSF,surf_psycho,2,Unit
KSF,surf_quirky,2,Tech
KSF,surf_ravine,2,Unit
KSF,surf_reprise,2,Tech
KSF,surf_rez,2,Tech
KSF,surf_rocco_v2,2,Tech
KSF,surf_sanctuary,2,Tech
KSF,surf_sandtrap,2,Tech
KSF,surf_sandtrap2,2,Unit
KSF,surf_saturday,2,Tech
KSF,surf_seaworld_fix,2,Tech
KSF,surf_semesterbreak,2,Tech
KSF,surf_simpsons_source,2,Tech
KSF,surf_skipalot,2,Tech
KSF,surf_slob,2,Tech
KSF,surf_spacejam,2,Tech
KSF,surf_squirrelsonvacation,2,Unit
KSF,surf_stonks,2,Unit
KSF,surf_sunnyhappylove,2,Unit
KSF,surf_syria,2,Unit
KSF,surf_tensile_njv,2,Unit
KSF,surf_the_gloaming,2,Tech
KSF,surf_tomb_redone,2,Tech
KSF,surf_tranquil,2,Tech
KSF,surf_twilight_njv,2,Unit
KSF,surf_verge,2,Tech
KSF,surf_waterworks,2,Unit
KSF,surf_wood,2,Tech
KSF,surf_zealand,2,Unit
KSF,surf_zenith,2,Tech
KSF,surf_2012_beta12,3,Unit
KSF,surf_abstinens,3,Unit
KSF,surf_adtr_njv,3,Tech
KSF,surf_amateur_v2b,3,Tech
KSF,surf_amplitude_apex,3,Unit
KSF,surf_arghmyeyes_retexture,3,Unit
KSF,surf_asrown,3,Unit
KSF,surf_ataque_final,3,Unit
KSF,surf_auroria_ksf,3,Tech
KSF,surf_awakening,3,Unit
KSF,surf_b_r_o_x_x_x,3,Unit
KSF,surf_bbb,3,Unit
KSF,surf_be_gentle,3,Tech
KSF,surf_blackout,3,Tech
KSF,surf_bluewinter,3,Tech
KSF,surf_bnw_njv,3,Unit
KSF,surf_bumpybusride,3,Tech
KSF,surf_calamity_njv,3,Tech
KSF,surf_canisius,3,Tech
KSF,surf_canisius2_fix,3,Tech
KSF,surf_cartoon,3,Tech
KSF,surf_collection_njv,3,Unit
KSF,surf_color_fix,3,Tech
KSF,surf_compact,3,Tech
KSF,surf_compulsive_njv,3,Unit
KSF,surf_concept,3,Tech
KSF,surf_cookiejar,3,Unit
KSF,surf_coralis_ksf,3,Unit
KSF,surf_cosmo,3,Unit
KSF,surf_creation,3,Tech
KSF,surf_crystal,3,Unit
KSF,surf_cyka_ksf,3,Tech
KSF,surf_deceptive_final,3,Unit
KSF,surf_depths,3,Unit
KSF,surf_destiny_fixed,3,Tech
KSF,surf_deteriorate,3,Tech
KSF,surf_dhyana,3,Unit
KSF,surf_diminsion,3,Tech
KSF,surf_distraction_v2,3,Tech
KSF,surf_diverge,3,Tech
KSF,surf_dusk,3,Tech
KSF,surf_dynasty,3,Tech
KSF,surf_ecosystem,3,Tech
KSF,surf_elixor,3,Unit
KSF,surf_ember,3,Unit
KSF,surf_entropy_finalv2,3,Tech
KSF,surf_epic,3,Unit
KSF,surf_eunoia,3,Unit
KSF,surf_exogenesis,3,Tech
KSF,surf_extremex,3,Tech
KSF,surf_exurbia2,3,Tech
KSF,surf_exxak,3,Unit
KSF,surf_ezclap,3,Tech
KSF,surf_fantasy,3,Unit
KSF,surf_fiellu_ksf,3,Tech
KSF,surf_flatliners,3,Tech
KSF,surf_fractal,3,Unit
KSF,surf_frequency_njv,3,Tech
KSF,surf_frey2_ksf,3,Unit
KSF,surf_friday,3,Tech
KSF,surf_furios,3,Tech
KSF,surf_globalchaos,3,Unit
KSF,surf_golden_refix,3,Unit
KSF,surf_happyhands2,3,Tech
KSF,surf_happyhands3,3,Tech
KSF,surf_happyhands4,3,Tech
KSF,surf_happyhands5,3,Tech
KSF,surf_healthy,3,Tech
KSF,surf_helium_fix,3,Unit
KSF,surf_hellenic,3,Unit
KSF,surf_hob,3,Tech
KSF,surf_huh,3,Tech
KSF,surf_iceworld,3,Tech
KSF,surf_industries,3,Tech
KSF,surf_inner,3,Unit
KSF,surf_inrage,3,Tech
KSF,surf_insideout_final,3,Tech
KSF,surf_jaqen2,3,Unit
KSF,surf_jenocide,3,Tech
KSF,surf_jive,3,Unit
KSF,surf_kawaii,3,Tech
KSF,surf_krow10,3,Unit
KSF,surf_leesriize_ksf,3,Unit
KSF,surf_liberation2,3,Unit
KSF,surf_lighthouse,3,Unit
KSF,surf_lithium,3,Tech
KSF,surf_lolrevlis2,3,Unit
KSF,surf_lost,3,Unit
KSF,surf_low_production,3,Unit
KSF,surf_luminaris_refix,3,Unit
KSF,surf_marbleblast_intermediate,3,Tech
KSF,surf_masonry,3,Tech
KSF,surf_mesa_aether,3,Tech
KSF,surf_methadone,3,Unit
KSF,surf_midsommar,3,Unit
KSF,surf_milkyway,3,Tech
KSF,surf_missing_no,3,Tech
KSF,surf_morbid,3,Tech
KSF,surf_mushroom_ksf,3,Tech
KSF,surf_mynah_final,3,Unit
KSF,surf_nac,3,Unit
KSF,surf_network_2013,3,Unit
KSF,surf_networked,3,Tech
KSF,surf_not_quite_goliath,3,Unit
KSF,surf_ny_momentum2_ksf,3,Unit
KSF,surf_ofsfice,3,Unit
KSF,surf_oompa_loompa,3,Unit
KSF,surf_oompa2,3,Unit
KSF,surf_ori_l,3,Tech
KSF,surf_outside,3,Unit
KSF,surf_pagoda,3,Unit
KSF,surf_palette_fix,3,Tech
KSF,surf_pandemonium_njv,3,Unit
KSF,surf_pandora,3,Unit
KSF,surf_paranoid_enigma,3,Unit
KSF,surf_parc_colore,3,Tech
KSF,surf_parrot_selector,3,Tech
KSF,surf_pavilion,3,Unit
KSF,surf_perforated_restored,3,Tech
KSF,surf_petrus,3,Unit
KSF,surf_placid,3,Unit
KSF,surf_plaguelands_beta7a,3,Tech
KSF,surf_plethora_fix,3,Unit
KSF,surf_porn_fix,3,Tech
KSF,surf_portal_game4,3,Tech
KSF,surf_prevail,3,Unit
KSF,surf_prismatic_ksf,3,Tech
KSF,surf_prosaic,3,Unit
KSF,surf_proximity_final,3,Unit
KSF,surf_psi_fixed,3,Unit
KSF,surf_psychedelia,3,Unit
KSF,surf_purgatory,3,Unit
KSF,surf_quantum_njv,3,Unit
KSF,surf_quasar_final,3,Tech
KSF,surf_queen_of_the_ween,3,Tech
KSF,surf_quilavar,3,Unit
KSF,surf_rapid,3,Tech
KSF,surf_razer_final,3,Tech
KSF,surf_reactor,3,Tech
KSF,surf_resort,3,Tech
KSF,surf_retroartz,3,Tech
KSF,surf_ripper,3,Unit
KSF,surf_roman_v2,3,Unit
KSF,surf_sandbrick,3,Tech
KSF,surf_sanding_ksf,3,Unit
KSF,surf_sandstorm2,3,Unit
KSF,surf_sanguine,3,Unit
KSF,surf_scarlet_ksf,3,Tech
KSF,surf_sci_fi,3,Tech
KSF,surf_second,3,Tech
KSF,surf_sequoia_fix,3,Tech
KSF,surf_serenity,3,Tech
KSF,surf_sinsane_ez,3,Tech
KSF,surf_sirius,3,Unit
KSF,surf_sketchy,3,Tech
KSF,surf_sky_ages,3,Tech
KSF,surf_slob2_fix,3,Unit
KSF,surf_smaragd_fix,3,Tech
KSF,surf_smile_njv,3,Unit
KSF,surf_spaceship_ksf,3,Unit
KSF,surf_spectrum_njv,3,Tech
KSF,surf_stagejuan_ksf,3,Unit
KSF,surf_static,3,Unit
KSF,surf_stick,3,Tech
KSF,surf_stickybutt_alpha,3,Unit
KSF,surf_stonework2,3,Unit
KSF,surf_strafe,3,Tech
KSF,surf_subway,3,Unit
KSF,surf_sylvan,3,Unit
KSF,surf_take1,3,Unit
KSF,surf_tempest,3,Tech
KSF,surf_tempest2,3,Tech
KSF,surf_tenacious,3,Unit
KSF,surf_thembrium_njv,3,Unit
KSF,surf_theunexpected,3,Tech
KSF,surf_togo,3,Tech
KSF,surf_torque,3,Unit
KSF,surf_torque2,3,Unit
KSF,surf_tron_njv,3,Unit
KSF,surf_tronia_refix,3,Unit
KSF,surf_two_colour,3,Unit
KSF,surf_ultimatum,3,Unit
KSF,surf_undergrowth,3,Unit
KSF,surf_unraveled,3,Unit
KSF,surf_vale,3,Unit
KSF,surf_vale2,3,Unit
KSF,surf_velocity,3,Unit
KSF,surf_wasteland,3,Tech
KSF,surf_wasteland2,3,Tech
KSF,surf_whoknows_ksf,3,Unit
KSF,surf_wicked,3,Unit
KSF,surf_yellow,3,Tech
KSF,surf_zion,3,Tech
KSF,surf_zoomboys,3,Tech
KSF,surf_25_lighters,4,Tech
KSF,surf_airflow,4,Unit
KSF,surf_alend,4,Tech
KSF,surf_ambient_njv,4,Unit
KSF,surf_angst,4,Unit
KSF,surf_anything,4,Unit
KSF,surf_artifex,4,Tech
KSF,surf_aux,4,Tech
KSF,surf_axil,4,Tech
KSF,surf_axiom,4,Unit
KSF,surf_beginner_hell,4,Unit
KSF,surf_beyer,4,Tech
KSF,surf_beyer2,4,Unit
KSF,surf_blackside,4,Unit
KSF,surf_blub,4,Unit
KSF,surf_bonk,4,Tech
KSF,surf_brodderlands,4,Tech
KSF,surf_calibration,4,Unit
KSF,surf_cannonball,4,Unit
KSF,surf_catalyst,4,Tech
KSF,surf_catalyst2,4,Tech
KSF,surf_chasm,4,Tech
KSF,surf_chateau_fix,4,Tech
KSF,surf_collaboration,4,Unit
KSF,surf_compulsive_njv_h,4,Tech
KSF,surf_constrictor_remix,4,Tech
KSF,surf_construction,4,Tech
KSF,surf_cozy,4,Unit
KSF,surf_curious,4,Tech
KSF,surf_cyanide,4,Unit
KSF,surf_damnation,4,Unit
KSF,surf_delta,4,Unit
KSF,surf_divided_fix,4,Tech
KSF,surf_dynamics_fixed,4,Unit
KSF,surf_efficacy,4,Tech
KSF,surf_epithet,4,Unit
KSF,surf_eryr,4,Tech
KSF,surf_euphoria,4,Tech
KSF,surf_exclave_fix,4,Unit
KSF,surf_fabas,4,Unit
KSF,surf_facility,4,Tech
KSF,surf_finesse_final,4,Tech
KSF,surf_fire_eye,4,Unit
KSF,surf_forbidden_tomb4,4,Tech
KSF,surf_fortress_ksf,4,Tech
KSF,surf_freedom,4,Tech
KSF,surf_fuckyall,4,Tech
KSF,surf_fungus,4,Unit
KSF,surf_gauntlet_final,4,Tech
KSF,surf_gekar,4,Unit
KSF,surf_goldarn,4,Unit
KSF,surf_greenhouse,4,Tech
KSF,surf_grotto,4,Unit
KSF,surf_halloween_fix,4,Tech
KSF,surf_hektik,4,Tech
KSF,surf_hope,4,Unit
KSF,surf_hydrogen,4,Unit
KSF,surf_hyper,4,Unit
KSF,surf_hyper2,4,Tech
KSF,surf_illumination,4,Unit
KSF,surf_infected,4,Unit
KSF,surf_inferno,4,Unit
KSF,surf_injection_njv,4,Tech
KSF,surf_inrage2,4,Tech
KSF,surf_insignia_b1,4,Tech
KSF,surf_intense_ksf,4,Tech
KSF,surf_interceptor,4,Tech
KSF,surf_jagerbomb,4,Tech
KSF,surf_jaqen,4,Unit
KSF,surf_jizznipples,4,Unit
KSF,surf_junglepics_ksf,4,Tech
KSF,surf_kalium,4,Unit
KSF,surf_koa,4,Tech
KSF,surf_lab,4,Tech
KSF,surf_lithium2,4,Unit
KSF,surf_loweffort,4,Unit
KSF,surf_lowestbidder,4,Unit
KSF,surf_lt_unicorn,4,Unit
KSF,surf_memories,4,Unit
KSF,surf_metalwall,4,Tech
KSF,surf_mudkip,4,Tech
KSF,surf_nemesis,4,Tech
KSF,surf_nikolo,4,Unit
KSF,surf_not_so_quick,4,Tech
KSF,surf_oddworld,4,Tech
KSF,surf_orbion,4,Unit
KSF,surf_outra,4,Unit
KSF,surf_pancake,4,Tech
KSF,surf_paradigm,4,Unit
KSF,surf_parrot_selector_h,4,Tech
KSF,surf_prolix_fix,4,Tech
KSF,surf_prosperity_v2,4,Tech
KSF,surf_pure,4,Unit
KSF,surf_pyzire_fix,4,Unit
KSF,surf_qlimax_q,4,Unit
KSF,surf_quartus_ksf,4,Tech
KSF,surf_quattro,4,Unit
KSF,surf_quickie_fix,4,Unit
KSF,surf_ragequit,4,Unit
KSF,surf_redemption_b1,4,Tech
KSF,surf_refraxis,4,Unit
KSF,surf_resource,4,Tech
KSF,surf_rst,4,Unit
KSF,surf_runewords2_lod,4,Unit
KSF,surf_rustic_v2,4,Unit
KSF,surf_sandman_v2,4,Unit
KSF,surf_savant_njv,4,Tech
KSF,surf_sc_colours,4,Unit
KSF,surf_secluded,4,Tech
KSF,surf_sempar_njv,4,Unit
KSF,surf_sensation_fix,4,Tech
KSF,surf_sentient,4,Unit
KSF,surf_serenity2,4,Unit
KSF,surf_sewers,4,Unit
KSF,surf_sexyartz_njv,4,Unit
KSF,surf_sh,4,Tech
KSF,surf_shady_h,4,Tech
KSF,surf_shambles,4,Tech
KSF,surf_sippysip,4,Tech
KSF,surf_sluice_final,4,Tech
KSF,surf_sunday,4,Unit
KSF,surf_sunset,4,Tech
KSF,surf_sunset2_fix,4,Tech
KSF,surf_symbiosis,4,Unit
KSF,surf_synada,4,Unit
KSF,surf_taq,4,Tech
KSF,surf_techsune_css,4,Tech
KSF,surf_tequila,4,Tech
KSF,surf_this_njv,4,Unit
KSF,surf_triggered_fix,4,Tech
KSF,surf_ultimate_fix,4,Tech
KSF,surf_underworld,4,Unit
KSF,surf_unreal_njv,4,Unit
KSF,surf_vector_final,4,Unit
KSF,surf_vienna,4,Tech
KSF,surf_volcanic,4,Unit
KSF,surf_warped,4,Tech
KSF,surf_wazor_ksf,4,Tech
KSF,surf_whoknows2,4,Unit
KSF,surf_whoknows3,4,Unit
KSF,surf_x,4,Unit
KSF,surf_again_njv,5,Tech
KSF,surf_android_ksf,5,Unit
KSF,surf_aphelion,5,Unit
KSF,surf_assail,5,Tech
KSF,surf_celestial,5,Unit
KSF,surf_cinnamon_fix,5,Unit
KSF,surf_conserve,5,Unit
KSF,surf_core_refix,5,Tech
KSF,surf_crush,5,Tech
KSF,surf_damn,5,Unit
KSF,surf_dionysus,5,Tech
KSF,surf_dova,5,Unit
KSF,surf_edge,5,Tech
KSF,surf_entropy_hardmode,5,Unit
KSF,surf_eon_fix,5,Unit
KSF,surf_exocube_h,5,Tech
KSF,surf_extremex2_5,5,Unit
KSF,surf_forsaken,5,Unit
KSF,surf_freaky,5,Unit
KSF,surf_gary_barlow,5,Unit
KSF,surf_gurus_fix,5,Unit
KSF,surf_helloworld,5,Unit
KSF,surf_hero,5,Tech
KSF,surf_hollow,5,Unit
KSF,surf_infamous_ksf,5,Tech
KSF,surf_infected_h,5,Unit
KSF,surf_izded,5,Unit
KSF,surf_kalium2,5,Unit
KSF,surf_loentra,5,Tech
KSF,surf_lolrevlis,5,Unit
KSF,surf_map_njv,5,Tech
KSF,surf_mdrn,5,Unit
KSF,surf_minecraft_fix,5,Tech
KSF,surf_nightmare,5,Unit
KSF,surf_nostromo,5,Tech
KSF,surf_our,5,Unit
KSF,surf_polytron,5,Tech
KSF,surf_primero_fix,5,Unit
KSF,surf_remeanian,5,Unit
KSF,surf_revolution_fix,5,Tech
KSF,surf_salient,5,Unit
KSF,surf_salient2,5,Unit
KSF,surf_salvation,5,Unit
KSF,surf_selenka,5,Unit
KSF,surf_seraph,5,Unit
KSF,surf_shoria,5,Unit
KSF,surf_strike,5,Tech
KSF,surf_technique,5,Unit
KSF,surf_tronic_njv,5,Tech
KSF,surf_z,5,Unit
KSF,surf_amaro,6,Unit
KSF,surf_bugs,6,Tech
KSF,surf_crimson,6,Unit
KSF,surf_crush2,6,Tech
KSF,surf_disaster,6,Unit
KSF,surf_embrace,6,Tech
KSF,surf_exile,6,Tech
KSF,surf_gloomy,6,Unit
KSF,surf_innokia,6,Unit
KSF,surf_jumble,6,Unit
KSF,surf_jusched_beta1,6,Tech
KSF,surf_map_h,6,Tech
KSF,surf_marah,6,Unit
KSF,surf_north,6,Tech
KSF,surf_offskill,6,Tech
KSF,surf_perihelion,6,Unit
KSF,surf_royal_fix,6,Tech
KSF,surf_sinister_evil,6,Unit
KSF,surf_sinsane_ksf,6,Tech
KSF,surf_spectra,6,Unit
KSF,surf_syria_again,6,Unit
KSF,surf_treespam,6,Tech
KSF,surf_valpect,6,Tech
KSF,surf_zen,6,Unit
KSF,surf_raphaello,7,Unit
KSF,surf_shade,7,Tech
KSF,surf_shodan,7,Tech
KSF,surf_sinsane2,7,Tech
KSF,surf_zen2,7,Unit
KSF,surf_anubis_ksf,8,Unit
Cybershoke,surf_aatsika,1,Tech
Cybershoke,surf_aircontrol_ksf,1,Unit
Cybershoke,surf_akai_final,1,Tech
Cybershoke,surf_ameliorate,1,Unit
Cybershoke,surf_and_destroy_fix,1,Unit
Cybershoke,surf_andromeda,1,Tech
Cybershoke,surf_apollo,1,Unit
Cybershoke,surf_artois,1,Unit
Cybershoke,surf_aser,1,Unit
Cybershoke,surf_astray,1,Unit
Cybershoke,surf_aura,1,Unit
Cybershoke,surf_autism,1,Tech
Cybershoke,surf_aweles,1,Unit
Cybershoke,surf_beginner,1,Unit
Cybershoke,surf_beginner_lin,1,Unit
Cybershoke,surf_beginner2_b,1,Tech
Cybershoke,surf_bepis,1,Unit
Cybershoke,surf_bigred_thing,1,Tech
Cybershoke,surf_bonkers_v2,1,Tech
Cybershoke,surf_borderlands,1,Unit
Cybershoke,surf_boreas,1,Unit
Cybershoke,surf_botanica,1,Unit
Cybershoke,surf_caesart,1,Tech
Cybershoke,surf_calycate_ksf,1,Unit
Cybershoke,surf_calycate2,1,Unit
Cybershoke,surf_calzone,1,Unit
Cybershoke,surf_cancer,1,Tech
Cybershoke,surf_casbah_fix,1,Unit
Cybershoke,surf_chaos_fix,1,Unit
Cybershoke,surf_chill,1,Unit
Cybershoke,surf_coblazt,1,Unit
Cybershoke,surf_colum,1,Tech
Cybershoke,surf_colum_2,1,Tech
Cybershoke,surf_colum_again,1,Tech
Cybershoke,surf_colum_up,1,Tech
Cybershoke,surf_corner,1,Unit
Cybershoke,surf_cosmic,1,Tech
Cybershoke,surf_crzyfrog_reloaded_fix,1,Unit
Cybershoke,surf_deathstar,1,Unit
Cybershoke,surf_deoa,1,Unit
Cybershoke,surf_derpis_ksf,1,Unit
Cybershoke,surf_developer_begginer,1,Unit
Cybershoke,surf_dinwod,1,Unit
Cybershoke,surf_easy1,1,Unit
Cybershoke,surf_easy2,1,Unit
Cybershoke,surf_ebob4,1,Tech
Cybershoke,surf_egypt2,1,Unit
Cybershoke,surf_elites_v2_fix,1,Tech
Cybershoke,surf_enlightened,1,Unit
Cybershoke,surf_escape_final,1,Unit
Cybershoke,surf_extrodinaire_3,1,Tech
Cybershoke,surf_ezpz_syntax_wf,1,Unit
Cybershoke,surf_first,1,Unit
Cybershoke,surf_forbidden_ways_ksf,1,Unit
Cybershoke,surf_forgotten,1,Unit
Cybershoke,surf_fornax,1,Unit
Cybershoke,surf_frost,1,Tech
Cybershoke,surf_garden,1,Unit
Cybershoke,surf_gekyume_circumcision,1,Unit
Cybershoke,surf_glw,1,Tech
Cybershoke,surf_grayscale,1,Tech
Cybershoke,surf_greenday,1,Unit
Cybershoke,surf_heftig,1,Tech
Cybershoke,surf_het,1,Unit
Cybershoke,surf_horizon_njv,1,Unit
Cybershoke,surf_hourglass,1,Unit
Cybershoke,surf_how2surf,1,Tech
Cybershoke,surf_infinity,1,Tech
Cybershoke,surf_itcannotbeeasier,1,Unit
Cybershoke,surf_jail_go,1,Unit
Cybershoke,surf_juturna_easy,1,Unit
Cybershoke,surf_kepler,1,Unit
Cybershoke,surf_kitsune,1,Tech
Cybershoke,surf_kitsune_nth,1,Tech
Cybershoke,surf_kuaga,1,Tech
Cybershoke,surf_lament_ksf,1,Unit
Cybershoke,surf_leet_xl_beta7z,1,Unit
Cybershoke,surf_leet_xl_nb,1,Unit
Cybershoke,surf_legends,1,Unit
Cybershoke,surf_lesa,1,Tech
Cybershoke,surf_lianfora,1,Unit
Cybershoke,surf_life_of_duck,1,Unit
Cybershoke,surf_lighrust_easy,1,Unit
Cybershoke,surf_liopleurodon2,1,Unit
Cybershoke,surf_listless,1,Tech
Cybershoke,surf_lo_tek,1,Unit
Cybershoke,surf_lovetunnel,1,Unit
Cybershoke,surf_lullaby_ksf,1,Unit
Cybershoke,surf_lux,1,Unit
Cybershoke,surf_marble_first,1,Unit
Cybershoke,surf_mayday,1,Unit
Cybershoke,surf_meridional,1,Unit
Cybershoke,surf_mesa_fixed,1,Unit
Cybershoke,surf_mesa_revo,1,Unit
Cybershoke,surf_minecraft_2016_final,1,Tech
Cybershoke,surf_minuet_ksf,1,Unit
Cybershoke,surf_mom_fix,1,Tech
Cybershoke,surf_moonkingdom,1,Unit
Cybershoke,surf_n_turf,1,Tech
Cybershoke,surf_neon_beta,1,Tech
Cybershoke,surf_neon2,1,Unit
Cybershoke,surf_nexus,1,Unit
Cybershoke,surf_neyon,1,Tech
Cybershoke,surf_ninja_sh,1,Unit
Cybershoke,surf_nitro,1,Tech
Cybershoke,surf_nocolors,1,Tech
Cybershoke,surf_noob,1,Unit
Cybershoke,surf_not_so_hard,1,Unit
Cybershoke,surf_not_so_neb,1,Unit
Cybershoke,surf_nuclear,1,Unit
Cybershoke,surf_ny_momentum_v3_1,1,Unit
Cybershoke,surf_nyx,1,Unit
Cybershoke,surf_orange_v2,1,Tech
Cybershoke,surf_orion,1,Unit
Cybershoke,surf_palace,1,Unit
Cybershoke,surf_pantheon,1,Unit
Cybershoke,surf_penguin_beta2,1,Unit
Cybershoke,surf_perennial,1,Unit
Cybershoke,surf_pj_training1,1,Tech
Cybershoke,surf_pj_training2,1,Tech
Cybershoke,surf_plastered,1,Tech
Cybershoke,surf_platinum,1,Unit
Cybershoke,surf_polski_sklep,1,Tech
Cybershoke,surf_pox,1,Unit
Cybershoke,surf_prelude_fix,1,Unit
Cybershoke,surf_pyllyt1,1,Tech
Cybershoke,surf_ravine_go,1,Unit
Cybershoke,surf_rebel_resistance_final3,1,Unit
Cybershoke,surf_reblis_final,1,Unit
Cybershoke,surf_reprise,1,Unit
Cybershoke,surf_republeague,1,Unit
Cybershoke,surf_reytx,1,Unit
Cybershoke,surf_road_to_hell,1,Unit
Cybershoke,surf_rooftopsv2,1,Unit
Cybershoke,surf_runner,1,Tech
Cybershoke,surf_satellite_fix,1,Unit
Cybershoke,surf_school_fix,1,Tech
Cybershoke,surf_seasons_e_fix,1,Unit
Cybershoke,surf_serenegarden,1,Tech
Cybershoke,surf_simpsons_go_rc3,1,Unit
Cybershoke,surf_singletons,1,Tech
Cybershoke,surf_skeelee,1,Unit
Cybershoke,surf_sodacity,1,Unit
Cybershoke,surf_sorbat,1,Unit
Cybershoke,surf_southpark_refix,1,Unit
Cybershoke,surf_speedstar_beta01,1,Unit
Cybershoke,surf_starfire_csgo,1,Unit
Cybershoke,surf_stepbystep2016,1,Unit
Cybershoke,surf_summit,1,Unit
Cybershoke,surf_superbia,1,Unit
Cybershoke,surf_tendies,1,Unit
Cybershoke,surf_tenzo,1,Unit
Cybershoke,surf_tiltberg,1,Unit
Cybershoke,surf_toot,1,Tech
Cybershoke,surf_total_beginners_beta,1,Unit
Cybershoke,surf_training,1,Unit
Cybershoke,surf_trance,1,Unit
Cybershoke,surf_tranquil,1,Unit
Cybershoke,surf_treasurehunt_go,1,Unit
Cybershoke,surf_trump_rc1,1,Unit
Cybershoke,surf_truth,1,Unit
Cybershoke,surf_tunnel,1,Unit
Cybershoke,surf_uhhh_fix,1,Tech
Cybershoke,surf_underneath,1,Unit
Cybershoke,surf_utopia_night,1,Unit
Cybershoke,surf_utopia_njv,1,Unit
Cybershoke,surf_vaporwave,1,Unit
Cybershoke,surf_void,1,Unit
Cybershoke,surf_warsteiner,1,Unit
Cybershoke,surf_water_run_ksf,1,Tech
Cybershoke,surf_wew,1,Unit
Cybershoke,surf_whiteout,1,Unit
Cybershoke,surf_windrunner_final,1,Tech
Cybershoke,surf_woodhouse,1,Unit
Cybershoke,surf_xeno,1,Unit
Cybershoke,surf_year3000,1,Unit
Cybershoke,surf_yey,1,Unit
Cybershoke,surf_aesthetic,1,Unit
Cybershoke,surf_beyond2,1,Unit
Cybershoke,surf_extend,1,Unit
Cybershoke,surf_santorini,1,Unit
Cybershoke,surf_sewertunnel,1,Unit
Cybershoke,surf_spaceracer,1,Unit
Cybershoke,surf_2pacisalive,2,Unit
Cybershoke,surf_4head_csgo,2,Unit
Cybershoke,surf_81st_network_njv,2,Tech
Cybershoke,surf_8bit,2,Unit
Cybershoke,surf_abandoned,2,Unit
Cybershoke,surf_abstract_up,2,Unit
Cybershoke,surf_ace,2,Unit
Cybershoke,surf_acedia,2,Tech
Cybershoke,surf_activation,2,Unit
Cybershoke,surf_aether_csgo,2,Unit
Cybershoke,surf_agony_go,2,Unit
Cybershoke,surf_amantiss_csgo,2,Unit
Cybershoke,surf_amaranthine,2,Unit
Cybershoke,surf_amir,2,Unit
Cybershoke,surf_amplitude_encore,2,Tech
Cybershoke,surf_amplitude_light,2,Tech
Cybershoke,surf_anoobis,2,Tech
Cybershoke,surf_anzchamps,2,Unit
Cybershoke,surf_aquaflow,2,Unit
Cybershoke,surf_aqua_fix,2,Unit
Cybershoke,surf_arcade,2,Unit
Cybershoke,surf_ardon_refix,2,Unit
Cybershoke,surf_atlas,2,Unit
Cybershoke,surf_atrium,2,Tech
Cybershoke,surf_autism_2,2,Tech
Cybershoke,surf_avocado,2,Tech
Cybershoke,surf_aweles_inferno_fix,2,Unit
Cybershoke,surf_a_xblah_reborn,2,Tech
Cybershoke,surf_beginner2,2,Unit
Cybershoke,surf_believe_refix,2,Unit
Cybershoke,surf_benevolent,2,Unit
Cybershoke,surf_biohazards,2,Tech
Cybershoke,surf_blackandgold,2,Unit
Cybershoke,surf_bland,2,Tech
Cybershoke,surf_blue,2,Unit
Cybershoke,surf_bombix_v2,2,Tech
Cybershoke,surf_boner,2,Tech
Cybershoke,surf_boomer,2,Unit
Cybershoke,surf_boring,2,Unit
Cybershoke,surf_caca,2,Tech
Cybershoke,surf_caged,2,Unit
Cybershoke,surf_cavemissile_fix,2,Unit
Cybershoke,surf_colors_beta1,2,Unit
Cybershoke,surf_colors_final,2,Unit
Cybershoke,surf_colours,2,Unit
Cybershoke,surf_coralis_ksf,2,Unit
Cybershoke,surf_crackdesert_evo2,2,Tech
Cybershoke,surf_crownroyal,2,Unit
Cybershoke,surf_cyberwave,2,Unit
Cybershoke,surf_dank,2,Tech
Cybershoke,surf_deadline,2,Unit
Cybershoke,surf_decked,2,Unit
Cybershoke,surf_dekt,2,Unit
Cybershoke,surf_delight_go,2,Unit
Cybershoke,surf_delusional,2,Tech
Cybershoke,surf_destruction_fix,2,Unit
Cybershoke,surf_domain,2,Tech
Cybershoke,surf_drain,2,Tech
Cybershoke,surf_driftless,2,Tech
Cybershoke,surf_duggywuggy,2,Unit
Cybershoke,surf_ebony,2,Unit
Cybershoke,surf_echo,2,Unit
Cybershoke,surf_eclipse,2,Unit
Cybershoke,surf_eclipse_fix,2,Unit
Cybershoke,surf_eggplant,2,Unit
Cybershoke,surf_elements_beta3,2,Tech
Cybershoke,surf_epicube_ksf,2,Unit
Cybershoke,surf_ethereal,2,Unit
Cybershoke,surf_exocube_e,2,Tech
Cybershoke,surf_exurbia_v2,2,Tech
Cybershoke,surf_ezpz_fifiedition,2,Tech
Cybershoke,surf_fade,2,Tech
Cybershoke,surf_faint_fix,2,Tech
Cybershoke,surf_flamingo,2,Tech
Cybershoke,surf_flipv2_go,2,Tech
Cybershoke,surf_flow,2,Unit
Cybershoke,surf_flyin_fortress_sh,2,Tech
Cybershoke,surf_fortum,2,Unit
Cybershoke,surf_frey_remake_go,2,Unit
Cybershoke,surf_fruits,2,Tech
Cybershoke,surf_funhouse2,2,Unit
Cybershoke,surf_funhouse_v1,2,Unit
Cybershoke,surf_furios,2,Tech
Cybershoke,surf_giza,2,Tech
Cybershoke,surf_glass7,2,Tech
Cybershoke,surf_glass9,2,Unit
Cybershoke,surf_gleam,2,Unit
Cybershoke,surf_gleam2,2,Unit
Cybershoke,surf_globalchaos,2,Tech
Cybershoke,surf_gloom_njv,2,Unit
Cybershoke,surf_gold1,2,Unit
Cybershoke,surf_golden_fix,2,Unit
Cybershoke,surf_goodbye,2,Tech
Cybershoke,surf_grandad,2,Unit
Cybershoke,surf_graphia,2,Unit
Cybershoke,surf_grassland,2,Unit
Cybershoke,surf_greece,2,Unit
Cybershoke,surf_greek,2,Unit
Cybershoke,surf_greenbrick,2,Unit
Cybershoke,surf_greensway,2,Unit
Cybershoke,surf_grunz,2,Unit
Cybershoke,surf_guitar_hi,2,Unit
Cybershoke,surf_half_baked,2,Tech
Cybershoke,surf_halloween_tf,2,Tech
Cybershoke,surf_happyhands_test,2,Unit
Cybershoke,surf_harmony,2,Unit
Cybershoke,surf_hat,2,Tech
Cybershoke,surf_havaku_b1,2,Tech
Cybershoke,surf_haze,2,Tech
Cybershoke,surf_hearth_fix,2,Tech
Cybershoke,surf_hekkz,2,Tech
Cybershoke,surf_hobo,2,Tech
Cybershoke,surf_hopi_easy,2,Unit
Cybershoke,surf_hotrod,2,Unit
Cybershoke,surf_hotwheels,2,Unit
Cybershoke,surf_hurrr,2,Unit
Cybershoke,surf_illusion,2,Unit
Cybershoke,surf_imex,2,Unit
Cybershoke,surf_iminyourbasement,2,Unit
Cybershoke,surf_impact_tnn,2,Unit
Cybershoke,surf_ing_njv,2,Unit
Cybershoke,surf_inspire,2,Unit
Cybershoke,surf_interference_csgo,2,Unit
Cybershoke,surf_in_space_go,2,Unit
Cybershoke,surf_in_the_dark,2,Unit
Cybershoke,surf_island,2,Unit
Cybershoke,surf_ivory,2,Unit
Cybershoke,surf_jenocide,2,Tech
Cybershoke,surf_joshog_final,2,Tech
Cybershoke,surf_journeys_final,2,Unit
Cybershoke,surf_juturna,2,Tech
Cybershoke,surf_katyna_a,2,Unit
Cybershoke,surf_kinshi,2,Tech
Cybershoke,surf_kloakk,2,Unit
Cybershoke,surf_klue,2,Unit
Cybershoke,surf_korn,2,Unit
Cybershoke,surf_krow10,2,Tech
Cybershoke,surf_kvas,2,Unit
Cybershoke,surf_lavaflow,2,Unit
Cybershoke,surf_leesriize,2,Unit
Cybershoke,surf_lessons,2,Tech
Cybershoke,surf_lightstones_light,2,Tech
Cybershoke,surf_lockdown,2,Unit
Cybershoke,surf_lore_e,2,Unit
Cybershoke,surf_lovhon,2,Tech
Cybershoke,surf_lullaby_redone_njv,2,Unit
Cybershoke,surf_luminaris,2,Unit
Cybershoke,surf_marbleblast_e,2,Unit
Cybershoke,surf_mate,2,Unit
Cybershoke,surf_me,2,Unit
Cybershoke,surf_mejai,2,Tech
Cybershoke,surf_mellow,2,Unit
Cybershoke,surf_mesa_mine,2,Unit
Cybershoke,surf_mestro_training_beta,2,Tech
Cybershoke,surf_minecraft_2020,2,Unit
Cybershoke,surf_minesport,2,Unit
Cybershoke,surf_mjk,2,Tech
Cybershoke,surf_nebula,2,Unit
Cybershoke,surf_neon_final,2,Tech
Cybershoke,surf_neo_njv,2,Unit
Cybershoke,surf_network2008_final,2,Tech
Cybershoke,surf_newb_hazard_wf,2,Tech
Cybershoke,surf_newman,2,Unit
Cybershoke,surf_nibiru,2,Tech
Cybershoke,surf_nocturns_hopeless,2,Tech
Cybershoke,surf_not_on,2,Tech
Cybershoke,surf_not_so_beginner,2,Unit
Cybershoke,surf_not_so_disaster,2,Unit
Cybershoke,surf_not_so_hentai,2,Unit
Cybershoke,surf_not_so_sinister,2,Tech
Cybershoke,surf_nova,2,Unit
Cybershoke,surf_ny_platinum,2,Tech
Cybershoke,surf_ny_superhappiest_b3_fix,2,Tech
Cybershoke,surf_oasis,2,Unit
Cybershoke,surf_oma,2,Unit
Cybershoke,surf_opus,2,Unit
Cybershoke,surf_outside,2,Unit
Cybershoke,surf_overflight,2,Unit
Cybershoke,surf_paddy,2,Unit
Cybershoke,surf_palm,2,Unit
Cybershoke,surf_pandora,2,Unit
Cybershoke,surf_paradise,2,Unit
Cybershoke,surf_pathfinder,2,Tech
Cybershoke,surf_peg_save38,2,Tech
Cybershoke,surf_performance,2,Unit
Cybershoke,surf_physics,2,Tech
Cybershoke,surf_pinkbash,2,Tech
Cybershoke,surf_pinkcubes_fix,2,Tech
Cybershoke,surf_premium,2,Unit
Cybershoke,surf_presmon_fix,2,Tech
Cybershoke,surf_progress,2,Unit
Cybershoke,surf_prosperous,2,Tech
Cybershoke,surf_psycho_njv,2,Tech
Cybershoke,surf_purified,2,Tech
Cybershoke,surf_quark_rc,2,Tech
Cybershoke,surf_radiation_hazard,2,Tech
Cybershoke,surf_rainbow,2,Unit
Cybershoke,surf_raq2,2,Tech
Cybershoke,surf_rat,2,Tech
Cybershoke,surf_reflex,2,Unit
Cybershoke,surf_resort_jk_fix,2,Unit
Cybershoke,surf_rez,2,Unit
Cybershoke,surf_ripper,2,Tech
Cybershoke,surf_riva,2,Unit
Cybershoke,surf_rocco_v2,2,Unit
Cybershoke,surf_rookie2,2,Unit
Cybershoke,surf_roomservice_2,2,Tech
Cybershoke,surf_roomservice_3,2,Tech
Cybershoke,surf_rope,2,Tech
Cybershoke,surf_salvador,2,Unit
Cybershoke,surf_sanctuary,2,Unit
Cybershoke,surf_sandtrap,2,Unit
Cybershoke,surf_sandtrap2,2,Unit
Cybershoke,surf_saturday_fix,2,Unit
Cybershoke,surf_scorch_go,2,Unit
Cybershoke,surf_seasons,2,Unit
Cybershoke,surf_seaworld_fix,2,Unit
Cybershoke,surf_semesterbreak,2,Unit
Cybershoke,surf_semesterbreak_fix,2,Unit
Cybershoke,surf_sensation_beta_v3,2,Unit
Cybershoke,surf_sideflick_sng,2,Tech
Cybershoke,surf_si_fa,2,Unit
Cybershoke,surf_skipalot,2,Tech
Cybershoke,surf_skyborn,2,Tech
Cybershoke,surf_slob,2,Tech
Cybershoke,surf_something_v1,2,Tech
Cybershoke,surf_sora,2,Unit
Cybershoke,surf_sos,2,Unit
Cybershoke,surf_spacejam,2,Unit
Cybershoke,surf_squirrelsonvacation,2,Unit
Cybershoke,surf_stargaze_csgo,2,Unit
Cybershoke,surf_stonks,2,Unit
Cybershoke,surf_sundown,2,Unit
Cybershoke,surf_sunnyhappylove,2,Unit
Cybershoke,surf_sup,2,Unit
Cybershoke,surf_surprise,2,Unit
Cybershoke,surf_syria,2,Unit
Cybershoke,surf_s_t_a_t_i_o_n,2,Tech
Cybershoke,surf_temple_finall_fix,2,Tech
Cybershoke,surf_tensile_njv,2,Unit
Cybershoke,surf_themeless,2,Tech
Cybershoke,surf_the_forest,2,Tech
Cybershoke,surf_the_gloaming,2,Unit
Cybershoke,surf_the_king,2,Unit
Cybershoke,surf_the_lost_city,2,Tech
Cybershoke,surf_thicket,2,Unit
Cybershoke,surf_timber,2,Unit
Cybershoke,surf_tomb_redone,2,Tech
Cybershoke,surf_torrent_njv_fix,2,Tech
Cybershoke,surf_tranquility,2,Tech
Cybershoke,surf_trial_1,2,Unit
Cybershoke,surf_twilight,2,Unit
Cybershoke,surf_unknown,2,Tech
Cybershoke,surf_unraveled,2,Tech
Cybershoke,surf_vegetables,2,Tech
Cybershoke,surf_vents,2,Unit
Cybershoke,surf_verge,2,Unit
Cybershoke,surf_vitun_rotta,2,Tech
Cybershoke,surf_volvic,2,Tech
Cybershoke,surf_watertemple_alpha,2,Tech
Cybershoke,surf_waterworks,2,Unit
Cybershoke,surf_wood,2,Tech
Cybershoke,surf_yasukuni,2,Unit
Cybershoke,surf_yiff,2,Unit
Cybershoke,surf_zbig_rc2,2,Unit
Cybershoke,surf_zealand,2,Unit
Cybershoke,surf_zenith,2,Tech
Cybershoke,surf_zen_ez,2,Unit
Cybershoke,surf_zor,2,Unit
Cybershoke,surf_dojo,2,Unit
Cybershoke,surf_kz_protraining_smooth,2,Tech
Cybershoke,surf_melatonin,2,Unit
Cybershoke,surf_newsflash_pal,2,Tech
Cybershoke,surf_pari_skill,2,Unit
Cybershoke,surf_sprayandpray,2,Tech
Cybershoke,surf_trectangles_v8,2,Tech
Cybershoke,surf_004_fix,3,Tech
Cybershoke,surf_2012_beta12,3,Tech
Cybershoke,surf_3,3,Tech
Cybershoke,surf_6,3,Tech
Cybershoke,surf_a,3,Unit
Cybershoke,surf_abstinens,3,Tech
Cybershoke,surf_adtr_njv,3,Tech
Cybershoke,surf_advanced,3,Tech
Cybershoke,surf_adventure_final,3,Unit
Cybershoke,surf_amateur_v2b,3,Tech
Cybershoke,surf_amplitude_apex_njv,3,Unit
Cybershoke,surf_ancient,3,Unit
Cybershoke,surf_animals_ksf,3,Tech
Cybershoke,surf_anonymity,3,Tech
Cybershoke,surf_anthropomorphic,3,Tech
Cybershoke,surf_anything,3,Unit
Cybershoke,surf_arghmyeyes_retexture,3,Tech
Cybershoke,surf_aspect,3,Tech
Cybershoke,surf_asrown,3,Tech
Cybershoke,surf_ataque_final,3,Tech
Cybershoke,surf_at_the_limit,3,Tech
Cybershoke,surf_axiom2,3,Unit
Cybershoke,surf_bbb,3,Tech
Cybershoke,surf_be_gentle,3,Unit
Cybershoke,surf_blackout_v1,3,Unit
Cybershoke,surf_bluewall,3,Tech
Cybershoke,surf_boatastic,3,Tech
Cybershoke,surf_borderlands_h,3,Unit
Cybershoke,surf_bork_nbv,3,Tech
Cybershoke,surf_boxtime,3,Unit
Cybershoke,surf_boy_fixed,3,Unit
Cybershoke,surf_brickwood,3,Unit
Cybershoke,surf_broken,3,Tech
Cybershoke,surf_brother,3,Unit
Cybershoke,surf_bumpybusride,3,Unit
Cybershoke,surf_burga_alpha1,3,Unit
Cybershoke,surf_b_r_o_x_x_x,3,Tech
Cybershoke,surf_calamity_njv,3,Tech
Cybershoke,surf_candyland,3,Tech
Cybershoke,surf_canisius2_fix,3,Tech
Cybershoke,surf_cartoon,3,Unit
Cybershoke,surf_catalyst,3,Tech
Cybershoke,surf_catalyst2,3,Tech
Cybershoke,surf_citadelcbackup,3,Unit
Cybershoke,surf_clujreek,3,Tech
Cybershoke,surf_colmixv2_aqr,3,Tech
Cybershoke,surf_color_njv,3,Tech
Cybershoke,surf_compulsive_njv,3,Unit
Cybershoke,surf_concept,3,Tech
Cybershoke,surf_constrictor_remix,3,Tech
Cybershoke,surf_cookiejar,3,Unit
Cybershoke,surf_cosmo_go,3,Unit
Cybershoke,surf_creation,3,Tech
Cybershoke,surf_cyanide,3,Unit
Cybershoke,surf_cyka_ksf,3,Unit
Cybershoke,surf_deceptive_final,3,Unit
Cybershoke,surf_deeper,3,Tech
Cybershoke,surf_delarium,3,Tech
Cybershoke,surf_deprecation,3,Tech
Cybershoke,surf_derpis_h,3,Unit
Cybershoke,surf_deserted_njv,3,Tech
Cybershoke,surf_desert_final,3,Unit
Cybershoke,surf_destiny_fixed,3,Tech
Cybershoke,surf_deteriorate,3,Unit
Cybershoke,surf_dice_66_rc3_fix,3,Tech
Cybershoke,surf_diminsion,3,Unit
Cybershoke,surf_distraction_v2,3,Tech
Cybershoke,surf_diverge,3,Tech
Cybershoke,surf_dragon,3,Unit
Cybershoke,surf_dreams,3,Tech
Cybershoke,surf_dusk,3,Tech
Cybershoke,surf_dynasty,3,Unit
Cybershoke,surf_ecosystem,3,Tech
Cybershoke,surf_epic,3,Tech
Cybershoke,surf_epithet,3,Unit
Cybershoke,surf_eunoia,3,Unit
Cybershoke,surf_euphoria,3,Tech
Cybershoke,surf_execute,3,Tech
Cybershoke,surf_exland,3,Tech
Cybershoke,surf_exogenesis,3,Tech
Cybershoke,surf_extremex,3,Tech
Cybershoke,surf_exurbia2,3,Unit
Cybershoke,surf_exxak,3,Tech
Cybershoke,surf_ezclap,3,Unit
Cybershoke,surf_fantasy,3,Unit
Cybershoke,surf_fiellu,3,Unit
Cybershoke,surf_flatliners,3,Tech
Cybershoke,surf_forbidden_swag,3,Unit
Cybershoke,surf_forbidden_tomb4_njv,3,Tech
Cybershoke,surf_for_all,3,Tech
Cybershoke,surf_four_elements,3,Tech
Cybershoke,surf_fractal,3,Unit
Cybershoke,surf_frequency_njv,3,Tech
Cybershoke,surf_frey2_go_fix,3,Unit
Cybershoke,surf_frey2_ksfgo,3,Unit
Cybershoke,surf_friday,3,Unit
Cybershoke,surf_fuckyall,3,Unit
Cybershoke,surf_gauntlet_final,3,Tech
Cybershoke,surf_glamour,3,Tech
Cybershoke,surf_grotto,3,Tech
Cybershoke,surf_happyhands2,3,Tech
Cybershoke,surf_happyhands3,3,Tech
Cybershoke,surf_happyhands4,3,Tech
Cybershoke,surf_happyhands5,3,Tech
Cybershoke,surf_healthy,3,Tech
Cybershoke,surf_heaven_njv,3,Tech
Cybershoke,surf_heliosphere,3,Unit
Cybershoke,surf_helium_fix,3,Tech
Cybershoke,surf_hilirium_2017,3,Tech
Cybershoke,surf_hob,3,Unit
Cybershoke,surf_holiday_fix,3,Unit
Cybershoke,surf_hopi_mellow,3,Tech
Cybershoke,surf_huh,3,Tech
Cybershoke,surf_hydrogen_v2_njv_fix,3,Tech
Cybershoke,surf_icetest,3,Tech
Cybershoke,surf_iceworld,3,Unit
Cybershoke,surf_idn,3,Tech
Cybershoke,surf_illumination,3,Unit
Cybershoke,surf_imagine_fix,3,Tech
Cybershoke,surf_impact_njv,3,Unit
Cybershoke,surf_inrage,3,Tech
Cybershoke,surf_insideout_final,3,Tech
Cybershoke,surf_interspace,3,Unit
Cybershoke,surf_in_progress,3,Unit
Cybershoke,surf_jaqen,3,Unit
Cybershoke,surf_jaqen2,3,Unit
Cybershoke,surf_jeff,3,Tech
Cybershoke,surf_jive,3,Unit
Cybershoke,surf_kaboom,3,Tech
Cybershoke,surf_kawaii,3,Tech
Cybershoke,surf_kimetrik,3,Tech
Cybershoke,surf_kismet,3,Tech
Cybershoke,surf_kz_protraining,3,Unit
Cybershoke,surf_liberation,3,Tech
Cybershoke,surf_liberation2,3,Tech
Cybershoke,surf_libya,3,Tech
Cybershoke,surf_lies_ksf,3,Tech
Cybershoke,surf_lighthouse_fix,3,Unit
Cybershoke,surf_liopleurodon_final,3,Tech
Cybershoke,surf_lithium,3,Tech
Cybershoke,surf_loentra_easy,3,Tech
Cybershoke,surf_lolrevlis2,3,Tech
Cybershoke,surf_lost,3,Unit
Cybershoke,surf_lost2,3,Unit
Cybershoke,surf_low_production,3,Unit
Cybershoke,surf_lush,3,Tech
Cybershoke,surf_marbleblast_intermediate,3,Tech
Cybershoke,surf_mario,3,Tech
Cybershoke,surf_medium,3,Tech
Cybershoke,surf_mesa_aether_fixed,3,Unit
Cybershoke,surf_methadone,3,Tech
Cybershoke,surf_methone,3,Tech
Cybershoke,surf_midsommar,3,Unit
Cybershoke,surf_miracle,3,Tech
Cybershoke,surf_missing_no,3,Tech
Cybershoke,surf_misty_,3,Tech
Cybershoke,surf_molstration,3,Tech
Cybershoke,surf_monochrome,3,Unit
Cybershoke,surf_monsterguts,3,Tech
Cybershoke,surf_morbid,3,Tech
Cybershoke,surf_mynah_final,3,Tech
Cybershoke,surf_nac,3,Unit
Cybershoke,surf_networked,3,Tech
Cybershoke,surf_network_2008_final,3,Tech
Cybershoke,surf_network_2013,3,Tech
Cybershoke,surf_newbie,3,Unit
Cybershoke,surf_ne_huiny,3,Unit
Cybershoke,surf_noble,3,Unit
Cybershoke,surf_not_so_whynot,3,Unit
Cybershoke,surf_ny_momentum2_ksf,3,Tech
Cybershoke,surf_n_bhop_beta1,3,Tech
Cybershoke,surf_occur,3,Tech
Cybershoke,surf_odyssey_fixed,3,Unit
Cybershoke,surf_oejz_v2,3,Unit
Cybershoke,surf_ofsfice,3,Unit
Cybershoke,surf_orangewood,3,Unit
Cybershoke,surf_pads,3,Unit
Cybershoke,surf_pagoda,3,Unit
Cybershoke,surf_palais,3,Unit
Cybershoke,surf_palette_v2,3,Tech
Cybershoke,surf_palikka_fix,3,Unit
Cybershoke,surf_papertown,3,Unit
Cybershoke,surf_parrot_selector,3,Tech
Cybershoke,surf_pastel,3,Tech
Cybershoke,surf_pavilion,3,Tech
Cybershoke,surf_perforated_restored,3,Tech
Cybershoke,surf_petrus,3,Unit
Cybershoke,surf_plaguelands_beta7a,3,Tech
Cybershoke,surf_plaguelands_njv,3,Tech
Cybershoke,surf_plethora_fix,3,Tech
Cybershoke,surf_portal_game4,3,Tech
Cybershoke,surf_prevail,3,Unit
Cybershoke,surf_princess,3,Tech
Cybershoke,surf_prismatic,3,Tech
Cybershoke,surf_prosaic,3,Unit
Cybershoke,surf_proximity_final,3,Tech
Cybershoke,surf_psychedelia,3,Unit
Cybershoke,surf_purgatory,3,Unit
Cybershoke,surf_quantum_njv,3,Unit
Cybershoke,surf_quasar_njv,3,Unit
Cybershoke,surf_quattro-,3,Unit
Cybershoke,surf_queen_of_the_ween,3,Tech
Cybershoke,surf_quickie,3,Unit
Cybershoke,surf_quilavar,3,Unit
Cybershoke,surf_rapid_fix,3,Unit
Cybershoke,surf_razer_final,3,Tech
Cybershoke,surf_reactor_go,3,Unit
Cybershoke,surf_redemption_b1,3,Tech
Cybershoke,surf_refraxis,3,Unit
Cybershoke,surf_resort,3,Unit
Cybershoke,surf_retroartz,3,Unit
Cybershoke,surf_retry,3,Unit
Cybershoke,surf_rtv_2,3,Unit
Cybershoke,surf_salvia,3,Tech
Cybershoke,surf_sandbrick,3,Unit
Cybershoke,surf_sanding_ksf,3,Tech
Cybershoke,surf_sandstorm2,3,Unit
Cybershoke,surf_saya,3,Unit
Cybershoke,surf_scarlet,3,Unit
Cybershoke,surf_scientist,3,Unit
Cybershoke,surf_sci_fi,3,Unit
Cybershoke,surf_scorpspixeldoom,3,Tech
Cybershoke,surf_scrub,3,Unit
Cybershoke,surf_second_ksf,3,Tech
Cybershoke,surf_sempar_njv,3,Tech
Cybershoke,surf_sentient,3,Unit
Cybershoke,surf_sequoia,3,Unit
Cybershoke,surf_serenity,3,Unit
Cybershoke,surf_sh,3,Tech
Cybershoke,surf_sinsane_ez,3,Tech
Cybershoke,surf_sirius,3,Unit
Cybershoke,surf_sketchy,3,Unit
Cybershoke,surf_sky_ages,3,Unit
Cybershoke,surf_slob2,3,Tech
Cybershoke,surf_smaragd,3,Unit
Cybershoke,surf_smile_njv,3,Unit
Cybershoke,surf_something_serious,3,Unit
Cybershoke,surf_spaceship_ksf,3,Tech
Cybershoke,surf_spectre,3,Unit
Cybershoke,surf_spectrum_njv,3,Tech
Cybershoke,surf_stagejuan_ksf,3,Unit
Cybershoke,surf_static,3,Tech
Cybershoke,surf_stick,3,Tech
Cybershoke,surf_stonework2,3,Tech
Cybershoke,surf_strafe,3,Tech
Cybershoke,surf_subway,3,Unit
Cybershoke,surf_sylvan,3,Unit
Cybershoke,surf_system_lost_wr,3,Tech
Cybershoke,surf_take1,3,Tech
Cybershoke,surf_teho_v1,3,Tech
Cybershoke,surf_telstar,3,Unit
Cybershoke,surf_tempest,3,Unit
Cybershoke,surf_tempest2,3,Unit
Cybershoke,surf_tenacious,3,Unit
Cybershoke,surf_tentacion,3,Tech
Cybershoke,surf_thembrium_njv,3,Tech
Cybershoke,surf_the_web,3,Tech
Cybershoke,surf_thief_fix,3,Tech
Cybershoke,surf_this_njv,3,Unit
Cybershoke,surf_this_time_,3,Tech
Cybershoke,surf_tioga060,3,Unit
Cybershoke,surf_togo,3,Tech
Cybershoke,surf_torque,3,Tech
Cybershoke,surf_torque2,3,Tech
Cybershoke,surf_toweringtowers,3,Unit
Cybershoke,surf_tronia,3,Tech
Cybershoke,surf_two_colour,3,Tech
Cybershoke,surf_ultimatum,3,Tech
Cybershoke,surf_undergrowth,3,Unit
Cybershoke,surf_unnamed,3,Tech
Cybershoke,surf_val,3,Tech
Cybershoke,surf_vale,3,Unit
Cybershoke,surf_vale2,3,Unit
Cybershoke,surf_velocity,3,Tech
Cybershoke,surf_vgaport,3,Unit
Cybershoke,surf_vienna_ez,3,Tech
Cybershoke,surf_wahey,3,Unit
Cybershoke,surf_wank,3,Unit
Cybershoke,surf_warped,3,Tech
Cybershoke,surf_wasteland2,3,Unit
Cybershoke,surf_wasteland_fix,3,Unit
Cybershoke,surf_wicked,3,Unit
Cybershoke,surf_wisdom,3,Tech
Cybershoke,surf_wizard,3,Unit
Cybershoke,surf_yay,3,Tech
Cybershoke,surf_yellow,3,Unit
Cybershoke,surf_zion,3,Tech
Cybershoke,surf_zoomboys_csgo,3,Unit
Cybershoke,surf_bigbell,3,Tech
Cybershoke,surf_eos,3,Unit
Cybershoke,surf_kala,3,Tech
Cybershoke,surf_nibiru2,3,Unit
Cybershoke,surf_njv,3,Unit
Cybershoke,surf_airflow,4,Unit
Cybershoke,surf_alend,4,Tech
Cybershoke,surf_ambient_njv,4,Tech
Cybershoke,surf_angst_go,4,Unit
Cybershoke,surf_antivero,4,Unit
Cybershoke,surf_artifex,4,Tech
Cybershoke,surf_assail,4,Tech
Cybershoke,surf_atlantis,4,Tech
Cybershoke,surf_auroria_ksf,4,Tech
Cybershoke,surf_awakening,4,Tech
Cybershoke,surf_axil,4,Unit
Cybershoke,surf_axiom,4,Unit
Cybershoke,surf_beginner_hell,4,Unit
Cybershoke,surf_beneath,4,Tech
Cybershoke,surf_beyer,4,Unit
Cybershoke,surf_beyer2,4,Unit
Cybershoke,surf_blackside,4,Unit
Cybershoke,surf_blub_njv,4,Tech
Cybershoke,surf_bluewinter_final,4,Unit
Cybershoke,surf_bonk,4,Unit
Cybershoke,surf_brodderlands,4,Unit
Cybershoke,surf_calibration,4,Unit
Cybershoke,surf_cannonball,4,Unit
Cybershoke,surf_chasm_go,4,Unit
Cybershoke,surf_chateau_fix,4,Unit
Cybershoke,surf_collaboration,4,Tech
Cybershoke,surf_collection_njv,4,Tech
Cybershoke,surf_commune_too_beta5,4,Tech
Cybershoke,surf_compact,4,Tech
Cybershoke,surf_compulsive_h,4,Tech
Cybershoke,surf_construction,4,Tech
Cybershoke,surf_cordelia,4,Tech
Cybershoke,surf_cozy,4,Unit
Cybershoke,surf_curious,4,Tech
Cybershoke,surf_damnation,4,Unit
Cybershoke,surf_depths,4,Unit
Cybershoke,surf_dhyana,4,Unit
Cybershoke,surf_divided,4,Tech
Cybershoke,surf_dynamics_fixed,4,Tech
Cybershoke,surf_efficacy,4,Tech
Cybershoke,surf_eryr,4,Unit
Cybershoke,surf_exclave_fix,4,Unit
Cybershoke,surf_exocube_m,4,Tech
Cybershoke,surf_explorer,4,Tech
Cybershoke,surf_fabas,4,Unit
Cybershoke,surf_facility,4,Unit
Cybershoke,surf_finesse_final,4,Tech
Cybershoke,surf_fire_eye,4,Tech
Cybershoke,surf_forbidden_tomb,4,Tech
Cybershoke,surf_forbidden_tomb2,4,Tech
Cybershoke,surf_forbidden_tomb3,4,Tech
Cybershoke,surf_fortress,4,Tech
Cybershoke,surf_freedom-,4,Tech
Cybershoke,surf_frustration,4,Unit
Cybershoke,surf_fuckyou,4,Unit
Cybershoke,surf_fungus,4,Tech
Cybershoke,surf_gekar,4,Unit
Cybershoke,surf_glass5,4,Tech
Cybershoke,surf_goat_fix,4,Tech
Cybershoke,surf_goldarn,4,Tech
Cybershoke,surf_greenhouse,4,Tech
Cybershoke,surf_halloween,4,Tech
Cybershoke,surf_hare,4,Tech
Cybershoke,surf_hektik,4,Tech
Cybershoke,surf_hyper-,4,Tech
Cybershoke,surf_industries,4,Unit
Cybershoke,surf_infected,4,Tech
Cybershoke,surf_inferno,4,Unit
Cybershoke,surf_injection_njv,4,Tech
Cybershoke,surf_inrage2,4,Tech
Cybershoke,surf_insignia_b1,4,Unit
Cybershoke,surf_intense,4,Tech
Cybershoke,surf_interceptor,4,Tech
Cybershoke,surf_jizznipples,4,Tech
Cybershoke,surf_junglespic_ksf,4,Tech
Cybershoke,surf_kinetic,4,Tech
Cybershoke,surf_koa,4,Tech
Cybershoke,surf_lab,4,Unit
Cybershoke,surf_lithium2,4,Tech
Cybershoke,surf_loweford,4,Unit
Cybershoke,surf_lowestbidder,4,Unit
Cybershoke,surf_lt_unicorn_official,4,Unit
Cybershoke,surf_masonry,4,Tech
Cybershoke,surf_memories,4,Unit
Cybershoke,surf_metalwall,4,Tech
Cybershoke,surf_method_fix,4,Tech
Cybershoke,surf_milkyway,4,Unit
Cybershoke,surf_mokuzai,4,Unit
Cybershoke,surf_motion1_easy,4,Tech
Cybershoke,surf_mudkip_fix,4,Unit
Cybershoke,surf_mushroom_ksf,4,Tech
Cybershoke,surf_nemesis,4,Unit
Cybershoke,surf_neoteric,4,Unit
Cybershoke,surf_nikolo,4,Unit
Cybershoke,surf_nocturns_fly,4,Unit
Cybershoke,surf_not_so_quick,4,Unit
Cybershoke,surf_oddworld,4,Tech
Cybershoke,surf_oompa2,4,Unit
Cybershoke,surf_orbion,4,Unit
Cybershoke,surf_outra,4,Unit
Cybershoke,surf_pancake,4,Unit
Cybershoke,surf_pandemonium_njv,4,Unit
Cybershoke,surf_placid,4,Unit
Cybershoke,surf_prolix_fix,4,Tech
Cybershoke,surf_prosperity_v2,4,Tech
Cybershoke,surf_pure,4,Tech
Cybershoke,surf_pyzire,4,Unit
Cybershoke,surf_qlimax_q-,4,Tech
Cybershoke,surf_quartus_ksf,4,Unit
Cybershoke,surf_quirky,4,Unit
Cybershoke,surf_ragequit,4,Tech
Cybershoke,surf_resource,4,Unit
Cybershoke,surf_rezurgence,4,Unit
Cybershoke,surf_rgb,4,Tech
Cybershoke,surf_roman,4,Unit
Cybershoke,surf_royal_ez,4,Tech
Cybershoke,surf_rst,4,Unit
Cybershoke,surf_rstar,4,Tech
Cybershoke,surf_runewords2_lod,4,Unit
Cybershoke,surf_rustic_v2,4,Unit
Cybershoke,surf_sanguine,4,Unit
Cybershoke,surf_savant_njv,4,Tech
Cybershoke,surf_sc_colours,4,Tech
Cybershoke,surf_secluded,4,Unit
Cybershoke,surf_sensation_ksf,4,Tech
Cybershoke,surf_serenity2,4,Unit
Cybershoke,surf_sewers,4,Tech
Cybershoke,surf_sexyartz_njv,4,Unit
Cybershoke,surf_shambles,4,Tech
Cybershoke,surf_shit,4,Tech
Cybershoke,surf_shoria,4,Unit
Cybershoke,surf_shrug2,4,Unit
Cybershoke,surf_sippysip,4,Unit
Cybershoke,surf_stickybutt_alpha,4,Tech
Cybershoke,surf_sunday,4,Unit
Cybershoke,surf_sunset,4,Tech
Cybershoke,surf_surprise_h,4,Unit
Cybershoke,surf_symbiosis,4,Unit
Cybershoke,surf_synada,4,Unit
Cybershoke,surf_taq,4,Tech
Cybershoke,surf_techsune,4,Tech
Cybershoke,surf_tequila,4,Tech
Cybershoke,surf_thatsneat,4,Unit
Cybershoke,surf_thefloorislava,4,Tech
Cybershoke,surf_theunexpected,4,Tech
Cybershoke,surf_theworldismine_njv,4,Tech
Cybershoke,surf_tuxedo_csgo,4,Tech
Cybershoke,surf_ultimate,4,Tech
Cybershoke,surf_underworld,4,Unit
Cybershoke,surf_urban,4,Unit
Cybershoke,surf_vector_final,4,Unit
Cybershoke,surf_vienna,4,Tech
Cybershoke,surf_volcanic,4,Unit
Cybershoke,surf_wazor,4,Tech
Cybershoke,surf_whoknows,4,Unit
Cybershoke,surf_whoknows2,4,Unit
Cybershoke,surf_whoknows3,4,Unit
Cybershoke,surf_barbies_malibu_adventure,4,Unit
Cybershoke,surf_jagerbomb,4,Tech
Cybershoke,surf_korovamilkbar,4,Unit
Cybershoke,surf_salmari,4,Unit
Cybershoke,surf_ford,3,Tech
Cybershoke,surf_25_lighters,5,Unit
Cybershoke,surf_again_njv,5,Tech
Cybershoke,surf_anoname,5,Tech
Cybershoke,surf_antimatter2,5,Unit
Cybershoke,surf_antimatter_v2,5,Unit
Cybershoke,surf_aphelion,5,Unit
Cybershoke,surf_brutalist,5,Unit
Cybershoke,surf_castlewalls,5,Unit
Cybershoke,surf_celestial,5,Unit
Cybershoke,surf_cinnamon,5,Unit
Cybershoke,surf_conserve,5,Unit
Cybershoke,surf_core_fix,5,Tech
Cybershoke,surf_crush,5,Tech
Cybershoke,surf_damn,5,Unit
Cybershoke,surf_death_of_a_martian,5,Unit
Cybershoke,surf_delta,5,Unit
Cybershoke,surf_dionysus,5,Tech
Cybershoke,surf_dova,5,Unit
Cybershoke,surf_edge,5,Tech
Cybershoke,surf_elysium,5,Unit
Cybershoke,surf_elysium2,5,Unit
Cybershoke,surf_elysium3,5,Unit
Cybershoke,surf_elysium4,5,Unit
Cybershoke,surf_entropy_hardmode,5,Unit
Cybershoke,surf_eon,5,Unit
Cybershoke,surf_eryr2,5,Unit
Cybershoke,surf_exocube_h,5,Tech
Cybershoke,surf_extremex2_5,5,Unit
Cybershoke,surf_flappybird,5,Unit
Cybershoke,surf_forsaken_fix,5,Unit
Cybershoke,surf_freaky,5,Unit
Cybershoke,surf_garden_h_go,5,Unit
Cybershoke,surf_gary_barlow,5,Unit
Cybershoke,surf_germania,5,Unit
Cybershoke,surf_grid,5,Unit
Cybershoke,surf_gurus,5,Unit
Cybershoke,surf_hero,5,Tech
Cybershoke,surf_highlands,5,Unit
Cybershoke,surf_hollow,5,Unit
Cybershoke,surf_hope,5,Unit
Cybershoke,surf_hopi_caged_v1,5,Tech
Cybershoke,surf_infamous_ksf,5,Tech
Cybershoke,surf_infected_h,5,Unit
Cybershoke,surf_innokia,5,Unit
Cybershoke,surf_izded,5,Unit
Cybershoke,surf_kairo,5,Unit
Cybershoke,surf_kalium2,5,Unit
Cybershoke,surf_loentra,5,Tech
Cybershoke,surf_lolrevlis,5,Unit
Cybershoke,surf_lolwhut,5,Unit
Cybershoke,surf_map_njv,5,Tech
Cybershoke,surf_mdrn,5,Unit
Cybershoke,surf_metallic,5,Unit
Cybershoke,surf_minecraft,5,Tech
Cybershoke,surf_misc,5,Tech
Cybershoke,surf_monolith,5,Unit
Cybershoke,surf_nascent_csgo,5,Unit
Cybershoke,surf_nesquik,5,Unit
Cybershoke,surf_nightmare,5,Unit
Cybershoke,surf_nostromo,5,Tech
Cybershoke,surf_nyze,5,Unit
Cybershoke,surf_ny_aerial,5,Unit
Cybershoke,surf_olympus,5,Tech
Cybershoke,surf_our,5,Unit
Cybershoke,surf_paradigm,5,Unit
Cybershoke,surf_petrus2,5,Unit
Cybershoke,surf_polonia,5,Unit
Cybershoke,surf_polytron,5,Tech
Cybershoke,surf_primero_njv,5,Unit
Cybershoke,surf_quest,5,Unit
Cybershoke,surf_remeanian,5,Unit
Cybershoke,surf_reprise_h,5,Tech
Cybershoke,surf_revolution,5,Tech
Cybershoke,surf_salient,5,Unit
Cybershoke,surf_salvation,5,Unit
Cybershoke,surf_sandman_v2,5,Unit
Cybershoke,surf_selenka,5,Unit
Cybershoke,surf_seraph,5,Unit
Cybershoke,surf_shady_h,5,Tech
Cybershoke,surf_skyflow,5,Unit
Cybershoke,surf_stitched,5,Tech
Cybershoke,surf_stoneage,5,Tech
Cybershoke,surf_stonework3,5,Unit
Cybershoke,surf_strike,5,Tech
Cybershoke,surf_technique,5,Unit
Cybershoke,surf_theodor,5,Unit
Cybershoke,surf_timewarp,5,Tech
Cybershoke,surf_transient,5,Unit
Cybershoke,surf_trapped,5,Unit
Cybershoke,surf_treefort,5,Tech
Cybershoke,surf_tronic_njv,5,Tech
Cybershoke,surf_tundra_v2,5,Unit
Cybershoke,surf_tycho,5,Unit
Cybershoke,surf_unreal2,5,Tech
Cybershoke,surf_unreal_njv,5,Unit
Cybershoke,surf_unusual_njv,5,Unit
Cybershoke,surf_velianglium,5,Unit
Cybershoke,surf_zeonine,5,Unit
Cybershoke,surf_helppoajakivaa,5,Unit
Cybershoke,surf_perihelion,5,Unit
Cybershoke,surf_rebirth,5,Tech
Cybershoke,surf_666,6,Unit
Cybershoke,surf_acerbus,6,Unit
Cybershoke,surf_alpha,6,Tech
Cybershoke,surf_amaro_fix,6,Unit
Cybershoke,surf_android_csgo,6,Unit
Cybershoke,surf_autonomy,6,Unit
Cybershoke,surf_bugs,6,Tech
Cybershoke,surf_bullet,6,Tech
Cybershoke,surf_crimson,6,Unit
Cybershoke,surf_crush2,6,Tech
Cybershoke,surf_disaster,6,Unit
Cybershoke,surf_embrace,6,Tech
Cybershoke,surf_epiphany,6,Unit
Cybershoke,surf_exile_njv,6,Tech
Cybershoke,surf_feudal,6,Unit
Cybershoke,surf_gloomy,6,Unit
Cybershoke,surf_hades,6,Unit
Cybershoke,surf_hades2,6,Unit
Cybershoke,surf_helloworld,6,Unit
Cybershoke,surf_hunty,6,Unit
Cybershoke,surf_jumble,6,Unit
Cybershoke,surf_jusched,6,Tech
Cybershoke,surf_kultur,6,Unit
Cybershoke,surf_map_h,6,Tech
Cybershoke,surf_marah,6,Unit
Cybershoke,surf_motion1,6,Tech
Cybershoke,surf_north,6,Tech
Cybershoke,surf_replicant,6,Tech
Cybershoke,surf_royal_fix,6,Tech
Cybershoke,surf_salient2,6,Unit
Cybershoke,surf_sinister2,6,Unit
Cybershoke,surf_sinister_evil,6,Unit
Cybershoke,surf_sinsane_ksf,6,Tech
Cybershoke,surf_skill8_h,6,Unit
Cybershoke,surf_solace,6,Unit
Cybershoke,surf_stonework4,6,Unit
Cybershoke,surf_syria_again,6,Unit
Cybershoke,surf_thesteve,6,Unit
Cybershoke,surf_toweringtowers,6,Unit
Cybershoke,surf_treespam,6,Tech
Cybershoke,surf_valpect,6,Tech
Cybershoke,surf_whynot,6,Unit
Cybershoke,surf_whynot2,6,Unit
Cybershoke,surf_zen2,6,Unit
Cybershoke,surf_zen_fix,6,Unit
Cybershoke,surf_before,7,Unit
Cybershoke,surf_blackheart,7,Tech
Cybershoke,surf_devil,7,Unit
Cybershoke,surf_exonic,7,Unit
Cybershoke,surf_goliath,7,Unit
Cybershoke,surf_not_so_funhouse,7,Unit
Cybershoke,surf_not_so_zen_fix,7,Unit
Cybershoke,surf_offskill,7,Tech
Cybershoke,surf_original,7,Tech
Cybershoke,surf_pls,7,Unit
Cybershoke,surf_raphaello,7,Unit
Cybershoke,surf_shade,7,Tech
Cybershoke,surf_shibboleth,7,Unit
Cybershoke,surf_shodan,7,Tech
Cybershoke,surf_sinsane2_cs,7,Tech
Cybershoke,surf_sinsane2_fix,7,Tech
Cybershoke,surf_spectra,7,Unit
Cybershoke,surf_tensor2,7,Unit
Cybershoke,surf_vast,7,Unit
Cybershoke,surf_hardline,7,Unit
Cybershoke,surf_anubis_fix,8,Unit
Cybershoke,surf_corruption,8,Unit